Workbook

Sheet 00_HUONG_DAN
A1: BỘ CÔNG CỤ ASM – QUẢN TRỊ ĐỊA BÀN QUA NPP
A3: Hạng mục | B3: Hướng dẫn sử dụng
A4: Mục tiêu | B4: Biến ASM thành người quản trị tăng trưởng địa bàn: Thị trường → NPP → Shop → SKU → Sell-out → GAP → Giải pháp → Kết quả.
A5: Nguyên tắc | B5: Không chỉ hỏi NPP nhập bao nhiêu; phải biết bán cho bao nhiêu shop, bán gì, tần suất, sell-out, tồn kho và khoảng trống tăng trưởng.
A6: Chẩn đoán | B6: Hiện tượng → Dữ liệu → Nguyên nhân gốc → Giải pháp → Owner → Deadline → Doanh số kỳ vọng.
A7: Nhịp ngày | B7: 15 phút: hôm qua đạt gì → hôm nay cần gì → GAP lớn nhất → 1 hành động recovery.
A8: Nhịp tuần | B8: 60 phút: Sales → Coverage → Shop → SKU → Sell-out → NPP risk → Recovery.
A9: Nhịp tháng | B9: NPP Business Review: đánh giá NPP → xác định GAP → chốt NPP Growth Plan.
A10: Bộ công cụ | B10: 01 Market Master; 02 NPP Master; 03 Shop Master; 04 Sales & Sell-out; 05 NPP Scorecard; 06 NPP Growth Plan; 07 Dashboard; 08 NPP Review; 09 Competitor; 10 Action Log; 11 KPI ASM; 12 Solution Matrix; 13 Checklist.

Sheet 01_MARKET_MASTER
A1: 01 – MARKET MASTER | BẢN ĐỒ THỊ TRƯỜNG
A3: Mã KV | B3: Tỉnh/TP | C3: Quận/Huyện | D3: Phường/Xã | E3: Loại điểm bán | F3: Tên điểm bán | G3: Quy mô | H3: NPP đang phục vụ | I3: Đang mua DKX? | J3: Đối thủ chính | K3: Tiềm năng/tháng | L3: Ghi chú

Sheet 02_NPP_MASTER
A1: 02 – NPP MASTER | HỒ SƠ & NĂNG LỰC NPP
A3: Mã NPP | B3: Tên NPP | C3: Địa bàn | D3: Người quyết định | E3: SĐT | F3: Salesman | G3: Tuyến | H3: Shop phục vụ | I3: Active 30D | J3: Dormant | K3: Lost | L3: DKX Shop | M3: SKU DKX | N3: DS T-1 | O3: Tồn kho | P3: Ngày tồn | Q3: Điểm/100 | R3: Phân loại
Q4: =MIN(100,ROUND(I4*15/MAX(1,H4)+MIN(M4,5)*2+MIN(N4/100000000,20)+IF(P4<=30,5,0)+20,0)) | R4: =IF(Q4>=80,"A – Growth Partner",IF(Q4>=65,"B – Develop",IF(Q4>=50,"C – Correct","D – Restructure")))
Q5: =MIN(100,ROUND(I5*15/MAX(1,H5)+MIN(M5,5)*2+MIN(N5/100000000,20)+IF(P5<=30,5,0)+20,0)) | R5: =IF(Q5>=80,"A – Growth Partner",IF(Q5>=65,"B – Develop",IF(Q5>=50,"C – Correct","D – Restructure")))
Q6: =MIN(100,ROUND(I6*15/MAX(1,H6)+MIN(M6,5)*2+MIN(N6/100000000,20)+IF(P6<=30,5,0)+20,0)) | R6: =IF(Q6>=80,"A – Growth Partner",IF(Q6>=65,"B – Develop",IF(Q6>=50,"C – Correct","D – Restructure")))
Q7: =MIN(100,ROUND(I7*15/MAX(1,H7)+MIN(M7,5)*2+MIN(N7/100000000,20)+IF(P7<=30,5,0)+20,0)) | R7: =IF(Q7>=80,"A – Growth Partner",IF(Q7>=65,"B – Develop",IF(Q7>=50,"C – Correct","D – Restructure")))
Q8: =MIN(100,ROUND(I8*15/MAX(1,H8)+MIN(M8,5)*2+MIN(N8/100000000,20)+IF(P8<=30,5,0)+20,0)) | R8: =IF(Q8>=80,"A – Growth Partner",IF(Q8>=65,"B – Develop",IF(Q8>=50,"C – Correct","D – Restructure")))
Q9: =MIN(100,ROUND(I9*15/MAX(1,H9)+MIN(M9,5)*2+MIN(N9/100000000,20)+IF(P9<=30,5,0)+20,0)) | R9: =IF(Q9>=80,"A – Growth Partner",IF(Q9>=65,"B – Develop",IF(Q9>=50,"C – Correct","D – Restructure")))
Q10: =MIN(100,ROUND(I10*15/MAX(1,H10)+MIN(M10,5)*2+MIN(N10/100000000,20)+IF(P10<=30,5,0)+20,0)) | R10: =IF(Q10>=80,"A – Growth Partner",IF(Q10>=65,"B – Develop",IF(Q10>=50,"C – Correct","D – Restructure")))
Q11: =MIN(100,ROUND(I11*15/MAX(1,H11)+MIN(M11,5)*2+MIN(N11/100000000,20)+IF(P11<=30,5,0)+20,0)) | R11: =IF(Q11>=80,"A – Growth Partner",IF(Q11>=65,"B – Develop",IF(Q11>=50,"C – Correct","D – Restructure")))
Q12: =MIN(100,ROUND(I12*15/MAX(1,H12)+MIN(M12,5)*2+MIN(N12/100000000,20)+IF(P12<=30,5,0)+20,0)) | R12: =IF(Q12>=80,"A – Growth Partner",IF(Q12>=65,"B – Develop",IF(Q12>=50,"C – Correct","D – Restructure")))
Q13: =MIN(100,ROUND(I13*15/MAX(1,H13)+MIN(M13,5)*2+MIN(N13/100000000,20)+IF(P13<=30,5,0)+20,0)) | R13: =IF(Q13>=80,"A – Growth Partner",IF(Q13>=65,"B – Develop",IF(Q13>=50,"C – Correct","D – Restructure")))
Q14: =MIN(100,ROUND(I14*15/MAX(1,H14)+MIN(M14,5)*2+MIN(N14/100000000,20)+IF(P14<=30,5,0)+20,0)) | R14: =IF(Q14>=80,"A – Growth Partner",IF(Q14>=65,"B – Develop",IF(Q14>=50,"C – Correct","D – Restructure")))
Q15: =MIN(100,ROUND(I15*15/MAX(1,H15)+MIN(M15,5)*2+MIN(N15/100000000,20)+IF(P15<=30,5,0)+20,0)) | R15: =IF(Q15>=80,"A – Growth Partner",IF(Q15>=65,"B – Develop",IF(Q15>=50,"C – Correct","D – Restructure")))
... Q53: =MIN(100,ROUND(I53*15/MAX(1,H53)+MIN(M53,5)*2+MIN(N53/100000000,20)+IF(P53<=30,5,0)+20,0)) | R53: =IF(Q53>=80,"A – Growth Partner",IF(Q53>=65,"B – Develop",IF(Q53>=50,"C – Correct","D – Restructure")))

Sheet 03_SHOP_MASTER
A1: 03 – SHOP MASTER | QUẢN TRỊ TỪNG SHOP
A3: Mã Shop | B3: Tên Shop | C3: Địa bàn | D3: NPP | E3: ASM | F3: Hạng A/B/C | G3: Trạng thái | H3: Ngày mua gần nhất | I3: SKU DKX | J3: DS 30D | K3: Tần suất | L3: Sell-out 30D | M3: Tồn kho | N3: Ngày tồn | O3: Tiềm năng/tháng | P3: GAP DS | Q3: Vấn đề | R3: Giải pháp | S3: Follow-up | T3: Kết quả
P4: =MAX(0,O4-J4)
P5: =MAX(0,O5-J5)
P6: =MAX(0,O6-J6)
P7: =MAX(0,O7-J7)
P8: =MAX(0,O8-J8)
P9: =MAX(0,O9-J9)
P10: =MAX(0,O10-J10)
P11: =MAX(0,O11-J11)
P12: =MAX(0,O12-J12)
P13: =MAX(0,O13-J13)
P14: =MAX(0,O14-J14)
P15: =MAX(0,O15-J15)
... P203: =MAX(0,O203-J203)

Sheet 04_SALES_SELLOUT
A1: 04 – SALES & SELLOUT | DÒNG CHẢY HÀNG HÓA
A3: Ngày | B3: NPP | C3: Mã Shop | D3: Tên Shop | E3: SKU | F3: Nhóm SP | G3: Tồn đầu | H3: Nhập | I3: Tồn cuối | J3: Sell-out | K3: Ngày tồn | L3: Tái đơn? | M3: DS Sell-out | N3: Giá trị nhập | O3: Nguyên nhân chậm | P3: Giải pháp | Q3: Owner | R3: Deadline
J4: =MAX(0,G4+H4-I4) | K4: =IFERROR(I4/MAX(1,J4)*30,0)
J5: =MAX(0,G5+H5-I5) | K5: =IFERROR(I5/MAX(1,J5)*30,0)
J6: =MAX(0,G6+H6-I6) | K6: =IFERROR(I6/MAX(1,J6)*30,0)
J7: =MAX(0,G7+H7-I7) | K7: =IFERROR(I7/MAX(1,J7)*30,0)
J8: =MAX(0,G8+H8-I8) | K8: =IFERROR(I8/MAX(1,J8)*30,0)
J9: =MAX(0,G9+H9-I9) | K9: =IFERROR(I9/MAX(1,J9)*30,0)
J10: =MAX(0,G10+H10-I10) | K10: =IFERROR(I10/MAX(1,J10)*30,0)
J11: =MAX(0,G11+H11-I11) | K11: =IFERROR(I11/MAX(1,J11)*30,0)
J12: =MAX(0,G12+H12-I12) | K12: =IFERROR(I12/MAX(1,J12)*30,0)
J13: =MAX(0,G13+H13-I13) | K13: =IFERROR(I13/MAX(1,J13)*30,0)
J14: =MAX(0,G14+H14-I14) | K14: =IFERROR(I14/MAX(1,J14)*30,0)
J15: =MAX(0,G15+H15-I15) | K15: =IFERROR(I15/MAX(1,J15)*30,0)
... J503: =MAX(0,G503+H503-I503) | K503: =IFERROR(I503/MAX(1,J503)*30,0)

Sheet 05_NPP_SCORECARD
A1: 05 – NPP SCORECARD | CHẤM ĐIỂM NĂNG LỰC NPP
A3: NPP | B3: Kỳ | C3: Coverage /20 | D3: Sales Growth /20 | E3: Sell-out /15 | F3: SKU /10 | G3: Frequency /10 | H3: Sales Force /10 | I3: Inventory /5 | J3: Phối hợp /5 | K3: Growth /5 | L3: Tổng | M3: Phân loại | N3: Ưu tiên
L4: =SUM(C4:K4) | M4: =IF(L4>=80,"A – Growth Partner",IF(L4>=65,"B – Develop",IF(L4>=50,"C – Correct","D – Restructure")))
L5: =SUM(C5:K5) | M5: =IF(L5>=80,"A – Growth Partner",IF(L5>=65,"B – Develop",IF(L5>=50,"C – Correct","D – Restructure")))
L6: =SUM(C6:K6) | M6: =IF(L6>=80,"A – Growth Partner",IF(L6>=65,"B – Develop",IF(L6>=50,"C – Correct","D – Restructure")))
L7: =SUM(C7:K7) | M7: =IF(L7>=80,"A – Growth Partner",IF(L7>=65,"B – Develop",IF(L7>=50,"C – Correct","D – Restructure")))
L8: =SUM(C8:K8) | M8: =IF(L8>=80,"A – Growth Partner",IF(L8>=65,"B – Develop",IF(L8>=50,"C – Correct","D – Restructure")))
L9: =SUM(C9:K9) | M9: =IF(L9>=80,"A – Growth Partner",IF(L9>=65,"B – Develop",IF(L9>=50,"C – Correct","D – Restructure")))
L10: =SUM(C10:K10) | M10: =IF(L10>=80,"A – Growth Partner",IF(L10>=65,"B – Develop",IF(L10>=50,"C – Correct","D – Restructure")))
L11: =SUM(C11:K11) | M11: =IF(L11>=80,"A – Growth Partner",IF(L11>=65,"B – Develop",IF(L11>=50,"C – Correct","D – Restructure")))
L12: =SUM(C12:K12) | M12: =IF(L12>=80,"A – Growth Partner",IF(L12>=65,"B – Develop",IF(L12>=50,"C – Correct","D – Restructure")))
L13: =SUM(C13:K13) | M13: =IF(L13>=80,"A – Growth Partner",IF(L13>=65,"B – Develop",IF(L13>=50,"C – Correct","D – Restructure")))
L14: =SUM(C14:K14) | M14: =IF(L14>=80,"A – Growth Partner",IF(L14>=65,"B – Develop",IF(L14>=50,"C – Correct","D – Restructure")))
L15: =SUM(C15:K15) | M15: =IF(L15>=80,"A – Growth Partner",IF(L15>=65,"B – Develop",IF(L15>=50,"C – Correct","D – Restructure")))
... L53: =SUM(C53:K53) | M53: =IF(L53>=80,"A – Growth Partner",IF(L53>=65,"B – Develop",IF(L53>=50,"C – Correct","D – Restructure")))

Sheet 06_NPP_GROWTH_PLAN
A1: 06 – NPP GROWTH PLAN | GAP → ROOT CAUSE → GIẢI PHÁP
A3: NPP | B3: ASM | C3: Tháng | D3: Target DS | E3: Actual | F3: GAP | G3: Nguồn tăng trưởng | H3: Hiện tượng | I3: Dữ liệu chứng minh | J3: Nguyên nhân gốc | K3: Giải pháp | L3: Owner | M3: Deadline | N3: DS kỳ vọng | O3: Trạng thái | P3: Actual action | Q3: % đạt
F4: =MAX(0,D4-E4) | Q4: =IFERROR(P4/N4,0)
F5: =MAX(0,D5-E5) | Q5: =IFERROR(P5/N5,0)
F6: =MAX(0,D6-E6) | Q6: =IFERROR(P6/N6,0)
F7: =MAX(0,D7-E7) | Q7: =IFERROR(P7/N7,0)
F8: =MAX(0,D8-E8) | Q8: =IFERROR(P8/N8,0)
F9: =MAX(0,D9-E9) | Q9: =IFERROR(P9/N9,0)
F10: =MAX(0,D10-E10) | Q10: =IFERROR(P10/N10,0)
F11: =MAX(0,D11-E11) | Q11: =IFERROR(P11/N11,0)
F12: =MAX(0,D12-E12) | Q12: =IFERROR(P12/N12,0)
F13: =MAX(0,D13-E13) | Q13: =IFERROR(P13/N13,0)
F14: =MAX(0,D14-E14) | Q14: =IFERROR(P14/N14,0)
F15: =MAX(0,D15-E15) | Q15: =IFERROR(P15/N15,0)
... F103: =MAX(0,D103-E103) | Q103: =IFERROR(P103/N103,0)

Sheet 07_ASM_DASHBOARD
A1: 07 – ASM TERRITORY DASHBOARD | 1 TRANG QUẢN TRỊ ĐỊA BÀN
A3: Chỉ số | B3: Giá trị | C3: Ý nghĩa / hành động
A4: Tổng NPP | B4: =COUNTA('02_NPP_MASTER'!B4:B53) | C4: Độ rộng mạng lưới
A5: Tổng shop thị trường | B5: =COUNTA('01_MARKET_MASTER'!F4:F103) | C5: Quy mô cơ hội
A6: Shop đang mua DKX | B6: =COUNTIF('01_MARKET_MASTER'!I4:I103,"Có") | C6: Coverage thực tế
A7: Coverage DKX | B7: =IFERROR(B6/B5,0) | C7: Nếu thấp: mở shop / kích hoạt
A8: Active Shop 30D | B8: =SUM('02_NPP_MASTER'!I4:I53) | C8: Nền doanh số
A9: Dormant Shop | B9: =SUM('02_NPP_MASTER'!J4:J53) | C9: Nguồn reactivation
A10: Lost Shop | B10: =SUM('02_NPP_MASTER'!K4:K53) | C10: Nguồn phục hồi
A11: Doanh số T-1 | B11: =SUM('02_NPP_MASTER'!N4:N53) | C11: Baseline
A12: Tồn kho NPP | B12: =SUM('02_NPP_MASTER'!O4:O53) | C12: Cảnh báo sell-out
A15: Top GAP | B15: NPP/Shop | C15: Root Cause | D15: Solution | E15: DS kỳ vọng | F15: Owner | G15: Deadline

Sheet 08_NPP_BUSINESS_REVIEW
A1: 08 – NPP BUSINESS REVIEW | QUY TRÌNH LÀM VIỆC VỚI NPP
A3: Bước | B3: Mục tiêu | C3: ASM chuẩn bị | D3: Câu hỏi | E3: Dữ liệu xác minh | F3: Kết luận | G3: Output | H3: Outcome
A4: 1. Prepare | B4: Hiểu NPP | C4: Sales 3-6M, shop, SKU, tồn, sell-out | D4: NPP đang ở đâu? | E4: Sales/coverage/SKU/tồn | F4: 3 điểm tốt + 3 GAP | G4: Fact Pack | H4: Dữ liệu thống nhất
A5: 2. Market | B5: Hiểu cơ hội | C5: Market Master | D5: Còn bao nhiêu shop chưa khai thác? | E5: Tổng shop/coverage/đối thủ | F5: White space | G5: Opportunity Map | H5: Xác định cơ hội
A6: 3. Diagnose | B6: Tìm root cause | C6: Gap list | D6: Tại sao chưa đạt? | E6: Shop/salesman/SKU/inventory | F6: Root cause | G6: Root Cause List | H6: Chọn đúng vấn đề
A7: 4. Solution | B7: Thiết kế giải pháp | C7: Solution Matrix | D7: Giải pháp nào tạo tăng trưởng? | E7: Nguồn lực NPP/DKX | F7: Top 3-5 solution | G7: Solution Plan | H7: DS kỳ vọng
A8: 5. Commit | B8: Cam kết | C8: Growth Plan | D8: Ai làm, khi nào, bao nhiêu? | E8: Owner/deadline | F8: Target & commitment | G8: Growth Plan | H8: Cam kết
A9: 6. Follow-up | B9: Đóng hành động | C9: Action Log | D9: Hành động nào tạo kết quả? | E9: Actual vs expected | F9: Keep/Stop/Adjust | G9: Review | H9: Tăng trưởng

Sheet 09_MARKET_COMPETITOR
A1: 09 – MARKET & COMPETITOR INTELLIGENCE
A3: Ngày | B3: Địa bàn | C3: NPP | D3: Đối thủ | E3: Sản phẩm | F3: Giá | G3: Chính sách NPP | H3: Chính sách Shop | I3: Độ phủ | J3: USP | K3: Điểm yếu | L3: Phản hồi Shop | M3: Cơ hội DKX | N3: Hành động ASM

Sheet 10_ACTION_LOG
A1: 10 – ASM ACTION LOG | GAP → ACTION → RESULT
A3: Ngày | B3: ASM | C3: NPP/Shop | D3: GAP | E3: Root Cause | F3: Action | G3: Owner | H3: Deadline | I3: DS kỳ vọng | J3: Actual | K3: % đạt | L3: Trạng thái | M3: Vướng mắc | N3: Điều chỉnh | O3: Ngày đóng
K4: =IFERROR(J4/I4,0)
K5: =IFERROR(J5/I5,0)
K6: =IFERROR(J6/I6,0)
K7: =IFERROR(J7/I7,0)
K8: =IFERROR(J8/I8,0)
K9: =IFERROR(J9/I9,0)
K10: =IFERROR(J10/I10,0)
K11: =IFERROR(J11/I11,0)
K12: =IFERROR(J12/I12,0)
K13: =IFERROR(J13/I13,0)
K14: =IFERROR(J14/I14,0)
K15: =IFERROR(J15/I15,0)
... K203: =IFERROR(J203/I203,0)

Sheet 11_KPI_ASM
A1: 11 – KPI ASM | ĐO KẾT QUẢ + NĂNG LỰC QUẢN TRỊ
A3: Nhóm | B3: KPI | C3: Trọng số | D3: Cách đo | E3: Nguồn dữ liệu | F3: Target | G3: Actual | H3: % đạt | I3: Điểm | J3: Ghi chú
A4: RESULT | B4: Doanh số địa bàn | C4: 40 | D4: Actual/Target | E4: Sales report | I4: =IFERROR(H4*C4,0) | J4: KPI chính
A5: MARKET | B5: Coverage shop | C5: 10 | D5: DKX shop/tổng shop | E5: Market Master | I5: =IFERROR(H5*C5,0)
A6: MARKET | B6: Active shop 30D | C6: 5 | D6: Active/ DKX shop | E6: Shop Master | I6: =IFERROR(H6*C6,0)
A7: CUSTOMER | B7: Reactivation | C7: 5 | D7: Dormant quay lại mua | E7: Shop Master | I7: =IFERROR(H7*C7,0)
A8: PRODUCT | B8: SKU/shop | C8: 5 | D8: SKU / active shop | E8: Shop Master | I8: =IFERROR(H8*C8,0)
A9: SELLOUT | B9: Shop có sell-out | C9: 10 | D9: Shop sell-out / shop có hàng | E9: Sell-out | I9: =IFERROR(H9*C9,0)
A10: INVENTORY | B10: Tồn >30 ngày | C10: 5 | D10: Tỷ lệ tồn >30D | E10: Inventory | I10: =IFERROR(H10*C10,0)
A11: NPP | B11: Growth Plan đúng hạn | C11: 10 | D11: Action done / committed | E11: Growth Plan | F11: 100% | I11: =IFERROR(H11*C11,0)
A12: DATA | B12: Data completeness | C12: 5 | D12: Dữ liệu đủ / tổng | E12: Master data | F12: ≥95% | I12: =IFERROR(H12*C12,0)
A13: MARKET | B13: Competitor intelligence | C13: 5 | D13: Cập nhật đúng hạn | E13: Competitor | F13: 100% | I13: =IFERROR(H13*C13,0)

Sheet 12_SOLUTION_MATRIX
A1: 12 – SOLUTION MATRIX | TỪ VẤN ĐỀ ĐẾN GIẢI PHÁP
A3: Vấn đề | B3: Dấu hiệu dữ liệu | C3: Nguyên nhân thường gặp | D3: Giải pháp ưu tiên | E3: Cách kiểm chứng | F3: Owner | G3: Deadline | H3: DS kỳ vọng | I3: KPI kiểm soát | J3: Không được làm | K3: Khi nào escalate
A4: Coverage thấp | B4: Nhiều prospect chưa có DKX | C4: Thiếu tuyến/ưu tiên thấp | D4: Mở tuyến + target prospect | E4: Có đơn/active 30D | F4: NPP Sales | G4: 7-14 ngày | H4: Theo plan | I4: Coverage | J4: Chỉ yêu cầu nhập thêm | K4: NPP không triển khai
A5: Có hàng nhưng không bán | B5: Tồn tăng, sell-out thấp | C5: NV shop chưa biết SP/POSM yếu | D5: Training + POSM + activation | E5: Sell-out 7-14D | F5: ASM+NPP | G5: 7 ngày | H5: Theo plan | I5: Sell-out | J5: Đẩy thêm hàng | K5: Tồn >30D
A6: 1 SKU/shop | B6: SKU/shop thấp | C6: Chưa cross-sell | D6: Combo/problem solution | E6: SKU tăng + reorder | F6: ASM | G6: 14 ngày | H6: Theo plan | I6: SKU/shop | J6: Ép SKU không phù hợp | K6: SKU không quay vòng
A7: Shop ngủ | B7: 31-90D không mua | C7: CSKH yếu/tồn/đối thủ | D7: Reactivation plan | E7: Có đơn mới | F7: NPP Sales | G7: 14 ngày | H7: Theo plan | I7: Reactivation | J7: Chỉ gọi hỏi thăm | K7: Không phản hồi
A8: Tồn cao | B8: >30 ngày | C8: Nhập vượt sell-out | D8: Giảm nhập + sell-out plan | E8: Stock days giảm | F8: NPP+ASM | G8: 7 ngày | H8: Theo plan | I8: Days inventory | J8: Tiếp tục sell-in | K8: >60 ngày
A9: NPP giảm DS | B9: Giảm liên tục | C9: Coverage/salesman/SKU/cạnh tranh/tồn | D9: Root cause + recovery | E9: Sales quay lại target | F9: ASM | G9: 7 ngày | H9: Theo plan | I9: Weekly target | J9: Đổ lỗi thị trường | K9: 2 tuần <90%

Sheet 13_ASM_CHECKLIST
A1: 13 – ASM CHECKLIST | CÔNG VIỆC ĐỊA BÀN
A3: Chu kỳ | B3: Công việc | C3: Mục tiêu | D3: Input | E3: Process | F3: Output | G3: Outcome | H3: KPI | I3: Tần suất | J3: Owner | K3: Deadline | L3: Trạng thái
A4: Daily | B4: Kiểm tra sales & GAP | C4: Biết lệch ở đâu | D4: Sales/Orders | E4: Actual vs target | F4: Gap list | G4: Recovery action | H4: % target | I4: Daily | J4: ASM
A5: Daily | B5: Kiểm tra NPP risk | C5: Phát hiện NPP giảm | D5: Sales+tồn | E5: Flag risk | F5: Risk list | G5: Action | H5: Risk closed | I5: Daily | J5: ASM
A6: Weekly | B6: Review active/dormant/lost | C6: Bảo vệ nền DS | D6: Shop Master | E6: Segment | F6: Shop action | G6: Reactivation | H6: # reactivated | I6: Weekly | J6: ASM
A7: Weekly | B7: Review sell-out | C7: Tăng bán ra | D7: Sell-out | E7: Analyze | F7: Sell-out plan | G7: Sell-out rate | H7: % shop sell-out | I7: Weekly | J7: ASM
A8: Weekly | B8: NPP Growth Review | C8: Chốt GAP | D8: Growth Plan | E8: 5D review | F8: Updated plan | G8: Revenue recovery | H8: % action closed | I8: Weekly | J8: ASM
A9: Monthly | B9: NPP Business Review | C9: Tăng trưởng tháng sau | D9: Fact Pack | E9: Diagnose+solution | F9: Growth Plan | G9: Target committed | H9: Target revenue | I9: Monthly | J9: ASM
A10: Monthly | B10: Market intelligence | C10: Cập nhật đối thủ | D10: Competitor | E10: Collect+validate | F10: Insight | G10: Actionable insight | H10: # actions | I10: Monthly | J10: ASM
A11: Quarterly | B11: Territory Strategy Review | C11: Đánh giá lại địa bàn | D11: All data | E11: Market/NPP/shop | F11: Territory plan | G11: Growth engine | H11: Growth rate | I11: Quarterly | J11: ASM
